login,followers,created_at,location
michaelliao,37234,2010-11-06T12:21:35Z,"Beijing, China"
daimajia,24632,2012-10-07T02:40:06Z,"Beijing, China"
xiaolai,19238,2009-11-13T18:29:42Z,beijing
draveness,13009,2014-01-24T16:22:01Z,"Beijing, China"
hongyangAndroid,12985,2015-01-26T07:05:45Z,"Beijing,China"
haoel,12624,2011-08-30T14:05:18Z,Beijing
wizardforcel,9591,2013-07-24T09:40:02Z,"Beijing, China"
i5ting,9072,2012-12-24T23:28:15Z,china beijing
521xueweihan,8968,2014-07-24T10:16:33Z,"Beijing, China"
ityouknow,8779,2013-07-10T07:23:28Z,"beijing,china"
PKUFlyingPig,7356,2020-02-04T14:49:18Z,"Beijing, China"
singwhatiwanna,7345,2013-01-23T02:23:57Z,"Beijing, China"
tangqiaoboy,7175,2011-04-16T09:28:01Z,"Beijing, China"
gaoxiang12,6140,2014-02-10T04:13:51Z,"zhiyuan-robotics.com, Beijing"
liuhuanyong,5851,2016-09-30T04:26:26Z,"Beijing, China"
yanhaijing,5499,2013-01-05T09:56:18Z,"Beijing,China"
HcySunYang,5189,2015-09-06T07:30:47Z,"Beijing, China"
julycoding,5110,2013-12-14T11:15:16Z,"Beijing, China"
jindongwang,5008,2013-12-11T05:42:20Z,"Beijing, China"
rfyiamcool,4946,2013-03-06T09:15:50Z,China / BeiJing
Terry-Mao,4419,2012-04-10T02:55:54Z,"China, BeiJing"
chyyuu,4271,2012-08-01T12:47:07Z,"Beijing, China"
cch123,4202,2010-09-02T02:12:50Z,"Beijing, China, Singapore"
rootsongjc,3834,2013-01-21T11:21:31Z,"Beijing, China"
ymcui,3563,2015-12-01T06:27:33Z,"Beijing, China"
dongweiming,3355,2011-06-10T03:52:00Z,"Beijing, China"
zce,3313,2013-12-12T03:38:35Z,"Beijing, China"
wu-sheng,3313,2013-09-12T07:04:16Z,"Beijing(China), SF(US)"
sunnyxx,3308,2012-09-24T08:58:39Z,Beijing
wangfupeng1988,3056,2014-11-06T02:02:07Z,beijing
johnlui,2922,2012-08-10T06:29:21Z,"Beijing, China"
lilydjwg,2781,2010-10-15T11:29:51Z,"Beijing, China"
thunlp,2676,2016-04-11T03:50:34Z,"FIT Building, Tsinghua University, Beijing"
zhengmin1989,2642,2012-12-07T07:52:13Z,Beijing
baoyongzhang,2583,2013-06-07T04:15:52Z,"Beijing, China"
shenghy,2565,2014-11-25T03:27:24Z,BeiJing
wendux,2565,2016-07-12T03:33:28Z,China Beijing
polaris1119,2488,2011-07-07T03:48:05Z,"Beijing, China"
dexteryy,2449,2008-12-28T17:10:36Z,"Beijing, China"
lotem,2394,2009-11-10T08:08:27Z,"Beijing, China"
yangfuhai,2323,2012-03-15T09:36:23Z,beijing
hiyouga,2283,2015-12-11T14:43:24Z,"Beijing, China"
bennyhuo,2226,2014-01-07T06:47:49Z,Beijing
soulteary,2195,2012-03-04T23:12:34Z,"Beijing, China"
taowen,2122,2008-12-15T14:52:30Z,Beijing
Yixiaohan,2058,2012-03-06T10:20:17Z,"China,Beijing"
ouyangzhiping,2053,2010-10-28T02:35:18Z,"beijing,china"
foolwood,2049,2015-03-30T08:53:06Z,Beijing
baidu,2027,2015-07-08T23:58:00Z,"Beijing, China"
ideawu,2008,2013-01-07T03:33:10Z,"Beijing, China"
chaoslawful,1990,2009-02-21T15:59:34Z,"Beijing, China"
bestswifter,1983,2014-08-08T12:11:11Z,Beijing，China
shibing624,1961,2014-12-20T03:23:30Z,"Beijing, China"
hyper0x,1945,2010-06-27T05:47:20Z,"Beijing, China"
terrymanu,1932,2013-09-23T05:40:14Z,Beijing China
L1aoXingyu,1932,2016-05-08T01:47:36Z,"Beijing, China"
icarusion,1897,2013-09-03T07:06:17Z,"BeiJing, China"
MartinRGB,1871,2014-03-23T07:38:34Z,"Beijing,China"
dsxNiubility,1869,2015-01-25T15:48:32Z,Beijing-Wangjing
BaiduFE,1846,2010-12-16T07:39:32Z,Beijing
WangYihang,1844,2016-01-27T11:30:19Z,"Beijing, China"
Xyntax,1842,2015-06-12T14:05:21Z,"Beijing,China"
xiaojue,1830,2010-05-28T01:20:34Z,Beijing China
AmazingAng,1824,2015-09-22T06:53:49Z,Beijing
jayli,1810,2010-01-23T11:53:28Z,Beijing China
cucygh,1801,2012-08-07T07:58:13Z,Beijing city
su18,1800,2017-07-20T12:03:55Z,Beijing
doyoe,1798,2011-11-20T08:36:07Z,"Beijing, China"
PegasusWang,1791,2013-05-19T11:51:54Z,Beijing
ksky521,1774,2011-09-23T07:48:55Z,Beijing China
yanyiwu,1766,2012-08-16T11:10:24Z,"Beijing,China"
zibuyu,1724,2012-08-04T02:37:42Z,Beijing
kejun,1716,2008-08-21T08:20:44Z,Beijing
ashawkey,1705,2017-02-18T11:59:02Z,"Beijing, China"
yu199195,1693,2014-11-11T09:27:37Z,beijing
YouXianMing,1692,2013-09-24T01:41:55Z,BeiJing
meituan,1687,2011-08-13T05:08:30Z,"Beijing, China"
qiurunze123,1687,2016-10-13T04:41:05Z,beijing china
mocheng,1665,2010-04-08T05:31:27Z,"Beijing, China"
HeYijia,1648,2015-04-01T09:18:29Z,"BeiJing,China"
liuxinyu95,1646,2010-07-15T12:16:58Z,"Beijing, China"
shuzheng,1624,2013-03-01T15:30:03Z,"Beijing, China"
xingshaocheng,1610,2013-07-08T07:44:31Z,Beijing
willard-yuan,1597,2013-09-04T07:07:59Z,"Beijing, China"
Zheaoli,1589,2014-03-25T04:30:05Z,"Beijing, China"
lcdevelop,1565,2013-11-24T13:20:57Z,Beijing
Vonng,1564,2014-08-29T05:40:32Z,Beijing
ericzhang-cn,1557,2011-03-06T12:11:44Z,"Beijing, China"
looly,1521,2012-02-13T07:56:42Z,"Beijing,China"
spencerwooo,1501,2017-09-19T23:42:14Z,"Beijing, China"
hua1995116,1497,2015-04-22T15:04:03Z,Beijing
ddiu8081,1491,2012-07-18T12:06:03Z,"Beijing, China"
Q1mi,1474,2014-11-13T03:29:56Z,BeiJing
FASTSHIFT,1474,2017-03-29T12:46:32Z,Beijing & Fujian
didi,1465,2017-04-14T22:07:29Z,"Beijing, China"
zsdonghao,1457,2015-01-26T19:01:31Z,Beijing
taizilongxu,1451,2013-05-20T05:28:36Z,Beijing
hongqn,1446,2010-09-18T05:00:49Z,"Beijing, China"
ZhangHanDong,1418,2008-10-07T08:25:12Z,"Beijing, China"
lyhue1991,1412,2017-08-03T01:35:08Z,Beijing China
ConardLi,1409,2017-08-04T00:36:53Z,BeiJing
lijin-THU,1401,2014-04-08T07:56:56Z,"Beijing, China"
youngsoft,1392,2013-12-25T06:53:44Z,Beijing China
HanXiaoyang,1381,2015-02-09T15:20:35Z,"Beijing, China"
drmingdrmer,1367,2009-01-04T09:25:00Z,Beijing China
zhanxiaokai,1361,2013-10-30T15:04:24Z,Beijing China
netxfly,1356,2012-09-13T06:09:18Z,beijing
huandu,1354,2010-04-08T18:29:13Z,"Beijing, China"
gavinkwoe,1352,2011-06-26T12:54:30Z,"Beijing, china"
ZhaoKaiQiang,1350,2014-06-10T08:54:58Z,BeiJing China
Charmve,1331,2017-05-31T03:19:16Z,"Suzhou, Beijing, Shanghai, Hongkong"
nwind,1320,2008-04-12T07:27:55Z,Beijing
ShowMeAI-Hub,1311,2021-05-03T07:47:27Z,"BeiJing, China"
cyndibaby905,1304,2011-05-25T04:33:40Z,"Beijing, China"
zema1,1277,2016-07-25T08:19:35Z,Beijing CN
xiaoweiruby,1268,2015-11-03T07:25:34Z,"beijing,China"
cystanford,1268,2018-01-28T02:00:09Z,Beijing
ChenChenJoke,1256,2012-09-18T08:20:51Z,BEIJING
whyour,1255,2016-10-08T06:15:45Z,"Beijing, China"
sunfusheng,1251,2014-07-11T01:38:27Z,"Beijing, China"
zxh0,1237,2013-09-21T12:43:20Z,Beijing
danpovey,1228,2013-01-17T18:19:13Z,Beijing
wangrunji0408,1223,2015-10-16T13:47:25Z,"Beijing, China"
lipengzhou,1223,2016-10-31T09:08:55Z,"Beijing, China"
chaitin,1205,2014-04-15T13:15:26Z,Beijing
reeze,1202,2008-06-23T04:37:45Z,"Beijing, China"
Sophia-11,1186,2019-03-03T07:50:39Z,Beijing
DianQK,1179,2015-02-03T12:15:24Z,"Beijing, China"
pezy,1172,2011-10-24T05:39:08Z,"Beijing, China"
neil3d,1171,2013-04-22T01:56:38Z,Beijing
huxiaoman7,1155,2016-05-23T07:28:42Z,"Beijing, China"
anjoy8,1150,2017-05-25T03:09:21Z,Beijing China
aa65535,1146,2013-09-09T12:02:53Z,"Beijing, China"
welefen,1144,2008-12-17T07:03:32Z,"Beijing, China"
vincent4j,1139,2011-05-25T02:57:50Z,"Beijing, China"
MiCode,1137,2011-12-20T06:22:09Z,"Beijing, China"
Naituw,1128,2010-08-04T12:00:13Z,"Beijing, China"
zxlie,1125,2011-06-22T01:41:26Z,Beijing
tuna,1119,2014-10-21T19:36:14Z,"Beijing, China"
tristaZero,1116,2017-04-19T04:47:03Z,"Beijing, China"
msnh2012,1114,2016-03-15T02:17:48Z,"Beijing,China"
chemzqm,1112,2010-04-24T14:05:55Z,"Beijing, China"
Meituan-Dianping,1108,2016-07-01T07:03:36Z,"Beijing, China"
wfnuser,1092,2014-07-17T13:35:14Z,"Beijing, China"
francistao,1083,2015-07-18T13:02:09Z,Beijing
mxdldev,1066,2014-03-24T00:53:16Z,"Beijing,China"
bsspirit,1066,2009-12-21T00:22:11Z,Beijing
tao12345666333,1065,2013-01-14T10:57:34Z,"Beijing, China"
JerryLead,1061,2012-05-09T06:04:18Z,Beijing
fuergaosi233,1061,2016-09-14T14:21:02Z,Beijing
youkaichao,1053,2016-11-03T11:27:18Z,"Beijing, China"
triaquae,1052,2012-10-29T05:35:47Z,"Beijing, China"
guobinhit,1035,2017-03-24T02:54:40Z,"Beijing, China"
henrymorgen,1033,2015-04-18T01:02:43Z,"Beijing, China"
the5fire,1031,2011-11-04T02:37:38Z,"Beijing, China"
imDazui,1029,2009-02-10T09:31:41Z,Beijing
maotoumao,1028,2017-09-05T11:31:05Z,"Beijing, China"
githubhaohao,1026,2016-03-18T11:51:56Z,"Beijing, China"
ysc,1016,2012-04-08T20:55:42Z,"Beijing, China"
GeekZooStudio,1005,2013-11-08T08:36:16Z,"Beijing, China"
lijiarui,1004,2014-01-16T12:31:18Z,beijing
coocood,1000,2011-07-03T04:32:17Z,"Beijing, China"
ouuan,999,2017-07-31T01:31:23Z,"Beijing, China"
johnil,987,2011-08-04T04:31:50Z,Beijing
wyzxxz,985,2015-01-06T05:41:28Z,BEIJING
mozillazg,984,2010-11-17T06:52:01Z,"Beijing, China"
sunng87,978,2010-03-13T15:06:48Z,"Beijing / Sunnyvale, CA"
renzifeng,969,2015-01-03T02:08:53Z,"BeiJing,China"
ZhongTaoTian,959,2015-05-13T00:58:26Z,"BeiJing,China"
lxfater,959,2016-10-12T13:38:40Z,Beijing
EryouHao,956,2016-02-19T03:43:27Z,Beijing China
yipianfengye,954,2014-01-08T07:40:05Z,China BeiJing
HuangCongQing,954,2016-07-27T05:20:01Z,"Beijing, China"
guolinke,950,2015-11-27T03:09:35Z,Beijing
wangrongding,948,2018-08-16T10:28:12Z,"Beijing, China"
sfzhang15,947,2017-08-17T05:38:16Z,"Beijing, China"
pyloque,944,2012-07-25T12:57:07Z,Beijing QQ274103453
materliu,941,2012-04-26T07:23:23Z,"Beijing, china"
cleardusk,931,2014-05-12T08:08:29Z,"Beijing, China"
hardfist,927,2014-09-24T12:35:42Z,beijing
LinuxSuRen,925,2012-02-19T06:28:06Z,"Beijing, China"
WinMin,922,2016-04-10T15:02:38Z,"Beijing,China"
lookingstars,917,2014-09-01T02:36:43Z,beijing
rcore-os,908,2019-03-17T16:36:50Z,"Beijing, China"
qfish,907,2011-03-20T11:25:43Z,"Beijing, China"
lefex,906,2014-08-13T11:23:57Z,BeiJing
sunner,904,2010-04-28T08:17:49Z,"Beijing, China"
laiwei,904,2011-05-17T07:58:05Z,beijing
cymcsg,902,2011-08-07T02:37:20Z,"Beijing,China"
qinix,900,2012-07-10T02:32:58Z,"Beijing, China"
GuoYongfeng,897,2014-09-07T15:07:31Z,"Beijing City, Haidian District North Road No. 68, UFIDA Software Park"
2betop,892,2012-11-01T11:37:03Z,beijing
ezshine,887,2011-06-22T17:37:27Z,"Beijing,China"
cmzy,887,2010-11-17T03:57:49Z,Beijing of China
unixhot,886,2013-02-22T04:28:21Z,BeiJing
EllanJiang,883,2017-02-26T06:11:18Z,"Beijing, China"
jiangxin,881,2010-01-17T03:09:51Z,"Beijing, China"
race604,880,2012-02-17T11:39:17Z,"Beijing, China"
virusdefender,877,2013-07-04T11:20:57Z,Beijing
Chuyu-Team,873,2016-06-14T01:50:55Z,"Beijing, China"
stanzhai,870,2012-02-15T04:47:20Z,"Beijing, China"
shenzhe,841,2011-07-15T02:08:55Z,BeiJing China
maxzhang,840,2012-03-23T03:44:55Z,"Beijing, China"
DeveloperLx,839,2014-11-05T06:03:27Z,"Beijing, China."
tianyucoder,835,2016-03-27T11:17:14Z,Beijing
slievrly,831,2014-09-13T09:01:11Z,"Beijing, China"
xianyi,831,2010-08-21T07:46:13Z,"Beijing, China"
zswang,820,2010-12-26T00:48:25Z,"Beijing,China"
zhuzilin,807,2015-01-07T01:08:04Z,Beijing
danfenghong,804,2016-09-29T11:11:30Z,"9 dengzhuangnanlu, Haidian Distinct, Beijing, China"
vivian8725118,803,2014-01-12T15:06:24Z,"Beijing,China"
guanzhi,798,2012-05-29T06:28:12Z,"Summer Palace Road No. 5, Beijing"
killop,792,2013-05-22T01:42:37Z,beijing
TyCoding,788,2018-03-01T06:02:03Z,BeiJing
TIGERB,785,2015-04-28T07:36:27Z,"Beijing,China"
hujiulong,784,2015-07-10T04:05:10Z,"Beijing, China"
maoruibin,781,2013-03-17T03:18:30Z,Beijing
Sharpiless,780,2019-05-19T15:29:05Z,"Beijing, China"
motianhuo,777,2013-01-17T10:10:00Z,"Beijing, China"
mritd,767,2015-06-25T03:42:05Z,"Beijing, China"
ftiasch,764,2011-03-16T06:09:07Z,"Beijing, China"
sun0225SUN,760,2021-02-16T20:20:40Z,Beijing China
xuexb,759,2013-03-15T06:42:03Z,Beijing
singgel,757,2016-04-26T01:25:06Z,"China,Beijing"
zTrix,755,2010-11-08T05:49:08Z,"Beijing, China"
lancy,749,2011-11-19T18:15:41Z,"Beijing, China"
longcw,748,2013-12-16T15:44:37Z,"Beijing, China"
liguge,744,2016-05-15T09:56:00Z,"Beijing, China"
idealclover,742,2016-12-07T07:30:35Z,"Beijing, China"
babysor,734,2014-04-27T21:41:15Z,Beijing
Fallen-Breath,734,2017-05-26T09:56:51Z,Beijing
yinxin630,716,2014-03-13T09:35:24Z,"Beijing, China"
lw-lin,715,2015-11-14T05:57:00Z,"Beijing, China"
Smilexuhc,711,2018-05-07T12:23:40Z,Beijing
picoxr,710,2019-01-04T01:48:39Z,BeiJing
pangudashu,706,2015-07-27T11:14:47Z,Beijing of China
rpplusplus,705,2012-05-18T17:49:09Z,"Beijing, China"
hi-dhl,704,2016-01-18T03:56:24Z,beijing
etheranl,703,2016-03-14T02:42:06Z,"Beijing,China"
SkyWorkAIGC,696,2022-12-09T08:26:58Z,Beijing
jasl,691,2011-09-03T17:14:24Z,"Beijing, China"
neoremind,689,2011-01-29T16:32:17Z,"Beijing, China"
hijiangtao,687,2013-07-11T13:37:27Z,"Beijing, China"
taichiCourse01,684,2021-09-08T09:28:40Z,Beijing
tan-xu,681,2019-03-07T14:37:33Z,"Beijing, China"
kedebug,678,2012-08-16T06:20:43Z,"Beijing, China"
thu-ml,677,2016-05-05T03:07:54Z,"FIT Building, Tsinghua University, Beijing, China"
zeyangli,675,2016-08-12T23:04:01Z,Beijing  
ducafecat,675,2017-11-11T06:57:08Z,beijing
alienzhou,668,2014-11-18T13:35:25Z,"Beijing, China"
lizelu,667,2013-07-28T06:55:34Z,Beijing China
xinliangnote,666,2019-07-15T09:13:20Z,China Beijing
an-tao,660,2016-08-13T03:08:25Z,Beijing
WillemJiang,657,2010-03-10T07:29:15Z,"Beijing, China"
DreamSourceLab,655,2014-01-14T13:45:09Z,Beijing
wang-xinyu,655,2015-10-21T17:08:33Z,Beijing
opsnull,653,2010-10-09T15:41:35Z,Beijing
bigeagle,649,2011-01-05T11:35:32Z,"Beijing, China"
Sunny-117,647,2020-10-19T02:59:04Z,Beijing
ireader,646,2012-03-14T05:13:50Z,"Beijing, China"
7heaven,644,2009-12-26T10:38:01Z,"Beijing, China"
adlered,644,2014-02-22T06:57:57Z,"Beijing, China"
shiyanhui,643,2014-04-25T14:24:19Z,"Beijing, China"
UlricQin,641,2012-11-11T03:25:28Z,Beijing
xiaye13579,638,2013-04-12T12:34:56Z,Beijing
xlvector,635,2009-06-30T04:09:20Z,"Beijing, China"
AbangLZU,630,2014-10-10T14:19:03Z,"Beijing, Wangjing"
shenfeng,628,2010-09-11T10:25:24Z,"Beijing, China"
dalinvip,628,2016-09-22T01:19:29Z,"BeiJing, China "
TsinghuaDatabaseGroup,628,2016-12-24T01:14:28Z,Beijing
XuehaiPan,627,2015-11-30T07:36:35Z,"Peking University, Beijing"
qhduan,625,2013-03-18T06:26:07Z,"Beijing, China"
sshwsfc,624,2009-09-05T16:09:10Z,Beijing
rainx,623,2009-07-06T02:04:51Z,Beijing
limodou,622,2009-08-18T12:12:04Z,Beijing
magic-akari,621,2014-06-08T07:59:42Z,"Beijing, China"
cundong,616,2013-01-23T06:12:45Z,"Beijing,China"
qgy18,615,2010-05-24T08:06:27Z,Beijing
wangleiphy,612,2012-05-12T08:42:13Z,Beijing
huangrt01,612,2015-10-05T11:15:29Z,Beijing
r00t4dm,610,2018-03-01T02:27:19Z,BeiJing
hailiang-wang,609,2013-02-12T04:40:57Z,"Beijing, China"
wangbin579,608,2011-10-14T08:14:06Z,"Beijing, China"
Tsinghua-MARS-Lab,608,2020-12-26T15:29:42Z,"Beijing, China"
netease-youdao,603,2013-03-19T11:52:39Z,Beijing
thu,596,2011-06-06T05:49:37Z,Beijing
yanqiangmiffy,594,2015-11-19T12:08:17Z,Beijing
myliang,593,2011-04-09T06:51:48Z,beijing china
bash-c,593,2016-11-29T11:58:04Z,"Beijing, China"
kalasoo,590,2012-03-20T02:50:25Z,"Beijing, China"
lsongdev,586,2012-01-12T04:56:01Z,"✈ Beijing, China"
chenryn,585,2011-11-25T08:18:05Z,"Beijing, China"
DuLinRain,584,2016-01-16T12:33:31Z,Beijing
BrikerMan,582,2014-10-23T15:48:18Z,Beijing
ScienJus,581,2014-08-04T10:59:20Z,Beijing China
robin,580,2008-04-11T08:52:39Z,"Beijing, China"
utom,578,2011-05-01T04:33:23Z,"China, Beijing"
CatKang,576,2013-04-07T06:14:36Z,Beijing
Pana,573,2011-01-07T15:36:41Z,"Beijing, China"
imfht,571,2015-10-10T03:49:55Z,"Beijing, China"
hubo1016,571,2015-09-01T07:40:09Z,"Beijing, China"
overmind1980,571,2013-12-26T23:56:46Z,beijing
lipangit,570,2012-07-25T04:20:45Z,Beijing
PhantomThief,568,2012-04-17T03:19:39Z,"Beijing, China"
disksing,567,2015-04-23T03:07:05Z,Beijing
meolu,562,2013-05-14T03:37:41Z,beijing
lanbing510,561,2014-03-06T05:07:49Z,"Beijing, China"
zhufengnodejs,560,2015-03-14T06:44:53Z,beijing
fancyerii,560,2013-09-03T12:34:09Z,"Beijing, China"
q191201771,558,2013-12-03T09:30:33Z,Beijing
sumory,558,2012-01-13T06:15:38Z,Beijing
Apache9,557,2013-07-07T11:13:43Z,"Beijing, China"
jimmysoa,557,2014-01-07T01:45:17Z,BEIJING
SmartDengg,556,2015-11-06T08:20:01Z,Beijing
nice0e3,555,2018-08-17T19:57:01Z,BeiJing
wanglong,555,2010-06-28T02:57:26Z,BEIJING
guoyaohua,554,2016-07-16T01:30:48Z,Beijing
leerumor,553,2015-11-18T12:24:07Z,Beijing
CreditTone,552,2014-06-25T14:03:51Z,"Beijing,ShangHai"
wuyawei,552,2017-02-10T08:51:18Z,"Beijing, China"
icexin,548,2012-11-03T05:49:55Z,Beijing
ZhaoJ9014,547,2017-02-07T03:17:38Z,"Beijing, China"
dataabc,546,2015-10-18T14:41:01Z,Beijing
cyyself,545,2014-07-17T12:49:45Z,"Beijing / Chongqing / Xiamen, China"
Ajian-studio,544,2015-05-26T04:28:00Z,Beijing China
wszqkzqk,544,2015-06-19T03:07:07Z,"Beijing & Chongqing, China"
CharlesShang,540,2012-08-31T06:22:32Z,Beijing
lizheming,539,2010-10-02T13:54:53Z,"Beijing, China"
rootclay,539,2017-06-24T06:25:22Z,beijing
tonyseek,538,2011-02-18T04:08:36Z,"Beijing, China"
aliaszz,537,2013-01-24T01:24:29Z,"Beijing, China"
pennyliang,537,2012-02-28T15:11:43Z,china beijing
chengdazhi,537,2015-01-21T13:24:00Z,"Beijing, China"
XueshiQiao,536,2011-02-17T03:12:34Z,"Beijing, China"
ydsf16,536,2016-09-07T14:17:36Z,"Beijing, China"
liubin,535,2011-11-22T04:03:06Z,Beijing
errorrik,534,2012-11-21T06:13:58Z,BeiJing
Qihoo360,534,2013-04-07T08:36:54Z,"Beijing, China"
Ming-Lian,533,2017-10-30T03:12:50Z,"Beijing, China"
joy0304,532,2014-04-22T05:31:52Z,"Beijing , China"
wh0amitz,531,2020-01-27T13:38:30Z,Beijing
menzi11,530,2014-06-05T20:06:33Z,Beijing
windstormeye,530,2015-10-11T12:10:21Z,"BISTU, Beijing"
A7um,528,2016-09-20T14:26:40Z,"Beijing, China"
xlzd,526,2013-09-21T09:10:15Z,"Beijing, China"
PkuRainBow,523,2013-06-07T11:23:51Z,Beijing
qcrao,520,2014-05-26T02:17:44Z,Beijing
Relph1119,518,2015-10-21T07:01:52Z,China BeiJing
VincentWei,518,2012-07-17T11:27:28Z,"Beijing, China"
yxgeee,518,2014-10-24T12:07:22Z,"Beijing, China"
sjsdfg,516,2014-07-01T12:44:49Z,Beijing
xtlsoft,513,2015-12-04T23:41:40Z,"Beijing, China"
JasinYip,513,2014-03-30T05:13:44Z,Beijing - China
leiurayer,512,2016-05-10T16:05:59Z,Beijing
insightglacier,510,2012-11-26T01:30:36Z,Beijing
zythum,509,2011-04-02T09:44:37Z,"Beijing, China"
zhangzichao,505,2012-02-16T12:13:42Z,"Beijing, China"
fuxuemingzhu,505,2014-08-29T07:41:07Z,"Beijing,China"
tcc0lin,502,2019-01-21T14:40:53Z,BEIJING CHINA
runner365,501,2016-01-26T01:14:33Z,Beijing
